tasas,tipo
0.6160477414359837,piso
0.6810962666892242,duplex
0.8604213881660874,chalet
0.8840599419101436,nave
