marca,año,consumo
lada,2001,7.123939264844156
opel,2002,6.795194537147389
opel,2001,5.494029772756237
lada,2003,6.049271916498967
lada,2002,5.571618118907102
opel,2003,5.095754048057431
